{
  "Number of images": 70000,
  "Average number of white pixels per class": {
    "0": 592.2293205852528,
    "1": 698.1006728449918,
    "2": 615.1539341917024,
    "3": 620.5482425430612,
    "4": 642.081916764361,
    "5": 631.343893552986,
    "6": 626.2687609075043,
    "7": 652.6011243658303,
    "8": 610.3564835164835,
    "9": 640.6579476861167
  },
  "Standard deviation of white pixels per class": {
    "0": 33.678417976376245,
    "1": 20.085412281604185,
    "2": 32.91386505918803,
    "3": 33.74005142172034,
    "4": 27.782422755142775,
    "5": 33.454476960285554,
    "6": 32.6452037307252,
    "7": 26.92546163267693,
    "8": 32.84410435016834,
    "9": 28.31171679312667
  }
}
