{"Precision": 0.9783952988482041, "Recall (Sensitivity)": 0.9783, "F1 Score": 0.9782956736133008, "Sensitivity": 0.9783, "Specificity": 0.9783}