{"Precision": 0.9773780947350895, "Recall (Sensitivity)": 0.9773, "F1 Score": 0.9772901723704983, "Sensitivity": 0.9773, "Specificity": 0.9773}