{"Precision": 0.9779948597001997, "Recall (Sensitivity)": 0.9779, "F1 Score": 0.9779088393326165, "Sensitivity": 0.9779, "Specificity": 0.9779}