{
  "Precision": 0.9788284301121757,
  "Recall (Sensitivity)": 0.9788,
  "F1 Score": 0.9787970608058315,
  "Sensitivity": 0.9788,
  "Specificity": 0.9788
}
