{"Precision": 0.9761618085484235, "Recall (Sensitivity)": 0.9759, "F1 Score": 0.9759258130519318, "Sensitivity": 0.9759, "Specificity": 0.9759}