{"Precision": 0.9780737595689654, "Recall (Sensitivity)": 0.9779, "F1 Score": 0.977889164328485, "Sensitivity": 0.9779, "Specificity": 0.9779}