{"Precision": 0.9739265819845428, "Recall (Sensitivity)": 0.9738, "F1 Score": 0.9737928416301135, "Sensitivity": 0.9738, "Specificity": 0.9738}