{"Precision": 0.9582139747057883, "Recall (Sensitivity)": 0.9576, "F1 Score": 0.9575887870969493, "Sensitivity": 0.9576, "Specificity": 0.9576}