{
  "Precision": 0.975833218704221,
  "Recall (Sensitivity)": 0.9757,
  "F1 Score": 0.9756887003000696,
  "Sensitivity": 0.9757,
  "Specificity": 0.9757
}
