{"Precision": 0.979520272268201, "Recall (Sensitivity)": 0.9795, "F1 Score": 0.9794954614619095, "Sensitivity": 0.9795, "Specificity": 0.9795}