{"Precision": 0.976190838481333, "Recall (Sensitivity)": 0.976, "F1 Score": 0.9760193288413497, "Sensitivity": 0.976, "Specificity": 0.976}