{"Precision": 0.9723916173400872, "Recall (Sensitivity)": 0.9723, "F1 Score": 0.9722895329967268, "Sensitivity": 0.9723, "Specificity": 0.9723}