{"Precision": 0.975357523591357, "Recall (Sensitivity)": 0.9753, "F1 Score": 0.9752870246481429, "Sensitivity": 0.9753, "Specificity": 0.9753}