{"Precision": 0.9688150586053225, "Recall (Sensitivity)": 0.9687, "F1 Score": 0.9686977871963123, "Sensitivity": 0.9687, "Specificity": 0.9687}