{"Precision": 0.9740263130202295, "Recall (Sensitivity)": 0.974, "F1 Score": 0.9739470158129583, "Sensitivity": 0.974, "Specificity": 0.974}