{"Precision": 0.9735806303829675, "Recall (Sensitivity)": 0.9735, "F1 Score": 0.9734930430482099, "Sensitivity": 0.9735, "Specificity": 0.9735}