{"Precision": 0.9655929054734202, "Recall (Sensitivity)": 0.9648, "F1 Score": 0.9648330322863987, "Sensitivity": 0.9648, "Specificity": 0.9648}