{"Precision": 0.977433318963202, "Recall (Sensitivity)": 0.9774, "F1 Score": 0.9774028963084361, "Sensitivity": 0.9774, "Specificity": 0.9774}