{"Precision": 0.9769722105225239, "Recall (Sensitivity)": 0.9769, "F1 Score": 0.9768947043500416, "Sensitivity": 0.9769, "Specificity": 0.9769}