{"Precision": 0.9774562976552732, "Recall (Sensitivity)": 0.9774, "F1 Score": 0.9773892414324442, "Sensitivity": 0.9774, "Specificity": 0.9774}