{"Precision": 0.978946459799614, "Recall (Sensitivity)": 0.9789, "F1 Score": 0.9789003614569858, "Sensitivity": 0.9789, "Specificity": 0.9789}