{
  "Precision": 0.9548312133946014,
  "Recall (Sensitivity)": 0.9541,
  "F1 Score": 0.9541704577348202,
  "Sensitivity": 0.9541,
  "Specificity": 0.9541
}
