{
  "Precision": 0.9632463715848764,
  "Recall (Sensitivity)": 0.963,
  "F1 Score": 0.9630216398379634,
  "Sensitivity": 0.963,
  "Specificity": 0.963
}
