{
  "Precision": 0.9799100359003827,
  "Recall (Sensitivity)": 0.9799,
  "F1 Score": 0.9798915815399009,
  "Sensitivity": 0.9799,
  "Specificity": 0.9799
}
