{"Precision": 0.9775554513138597, "Recall (Sensitivity)": 0.9775, "F1 Score": 0.9774970906579805, "Sensitivity": 0.9775, "Specificity": 0.9775}